1929,American,3
1929,Austrian,2
1929,German,4
1930,American,3
1930,Bolivian,1
1930,French,2
1930,Spanish,1
1930,Swiss,1
1931,American,1
1931,Dutch,1
1931,French,1
1932,American,3
1932,French,2
1932,German,10
1932,Italian,1
1932,Russian,2
1933,American,93
1933,British,1
1933,French,1
1934,American,112
1934,Dutch,1
1934,French,56
1934,German,54
1934,Italian,2
1934,Nationality unknown,13
1934,Spanish,16
1934,Swedish,1
1935,American,274
1935,Austrian,1
1935,Dutch,1
1935,French,61
1935,German,7
1935,Italian,3
1935,Mexican,48
1935,Nationality unknown,2
1935,Norwegian,1
1935,Russian,22
1935,Spanish,2
1936,American,42
1936,Austrian,1
1936,British,43
1936,French,13
1936,German,3
1936,Italian,2
1936,Mexican,1
1936,Nationality Unknown,16
1936,Nationality unknown,3
1936,Russian,13
1936,Spanish,12
1936,Swedish,1
1936,Swiss,1
1937,American,107
1937,Belgian,2
1937,British,69
1937,Chilean,1
1937,Dutch,3
1937,French,34
1937,German,31
1937,Israeli,1
1937,Italian,1
1937,Latvian,8
1937,Mexican,3
1937,Nationality Unknown,14
1937,Nationality unknown,7
1937,Russian,7
1937,Spanish,24
1937,Swiss,11
1938,American,96
1938,British,16
1938,Canadian,1
1938,Dutch,1
1938,French,3
1938,German,7
1938,Italian,4
1938,Mexican,2
1938,Nationality unknown,2
1938,Russian,1
1938,Spanish,1
1938,Swiss,3
1939,American,262
1939,Austrian,2
1939,Belgian,1
1939,Brazilian,1
1939,British,3
1939,Cuban,1
1939,Dutch,1
1939,French,87
1939,German,34
1939,Italian,1
1939,Mexican,1
1939,Nationality unknown,11
1939,Polish,1
1939,Russian,1
1939,Spanish,8
1939,Swiss,5
1940,American,1113
1940,Austrian,1
1940,Belgian,1
1940,British,10
1940,Canadian,1
1940,Dutch,5
1940,French,195
1940,German,95
1940,Hungarian,10
1940,Israeli,1
1940,Italian,3
1940,Japanese,4
1940,Mexican,32
1940,Nationality Unknown,7
1940,Nationality unknown,16
1940,Norwegian,1
1940,Polish,1
1940,Russian,8
1940,Spanish,25
1941,American,693
1941,Australian,2
1941,Austrian,1
1941,Belgian,13
1941,Bolivian,1
1941,Brazilian,12
1941,British,19
1941,Canadian,5
1941,Dutch,2
1941,French,45
1941,German,62
1941,Italian,4
1941,Mexican,28
1941,Nationality unknown,21
1941,Polish,11
1941,Russian,16
1941,Spanish,1
1941,Swedish,1
1942,American,536
1942,Argentine,26
1942,Austrian,3
1942,Belgian,4
1942,Brazilian,5
1942,British,4
1942,Chilean,2
1942,Chinese,2
1942,Colombian,2
1942,Cuban,34
1942,Czech,3
1942,Dutch,4
1942,Ecuadorian,1
1942,Finnish,2
1942,French,35
1942,German,52
1942,Guatemalan,1
1942,Israeli,3
1942,Mexican,106
1942,Nationality Unknown,1
1942,Nationality unknown,6
1942,Nicaraguan,1
1942,Norwegian,5
1942,Peruvian,1
1942,Spanish,4
1942,Swedish,2
1942,Swiss,5
1942,Uruguayan,2
1942,Various,7
1943,American,220
1943,Argentine,1
1943,Austrian,7
1943,Brazilian,1
1943,British,99
1943,Costa Rican,2
1943,Czech,1
1943,Dutch,2
1943,Finnish,6
1943,French,28
1943,German,46
1943,Greek,1
1943,Guatemalan,11
1943,Hungarian,1
1943,Italian,4
1943,Japanese,2
1943,Mexican,21
1943,Nationality Unknown,260
1943,Nationality unknown,6
1943,Polish,2
1943,Russian,10
1943,Spanish,3
1943,Swedish,1
1943,Swiss,2
1943,Uruguayan,1
1943,Various,377
1943,Yugoslav,1
1944,American,220
1944,Belgian,1
1944,British,2
1944,Chilean,2
1944,Cuban,7
1944,Dutch,2
1944,French,7
1944,German,10
1944,Haitian,1
1944,Italian,1
1944,Mexican,46
1944,Nationality Unknown,9
1944,Nationality unknown,6
1944,Russian,11
1944,Spanish,1
1944,Swedish,1
1944,Swiss,7
1944,Various,3
1945,American,48
1945,Austrian,2
1945,British,90
1945,Cuban,2
1945,Dutch,1
1945,French,84
1945,German,31
1945,Greek,1
1945,Italian,2
1945,Mexican,2
1945,Nationality Unknown,6
1945,Nationality unknown,3
1945,Spanish,13
1945,Swiss,3
1945,Uruguayan,1
1945,Various,1
1946,American,66
1946,Austrian,1
1946,Belgian,1
1946,Brazilian,1
1946,British,1
1946,Czech,1
1946,Dutch,1
1946,Finnish,5
1946,French,78
1946,German,3
1946,Italian,1
1946,Mexican,1
1946,Nationality unknown,9
1946,Swiss,1
1947,American,206
1947,Austrian,22
1947,Brazilian,1
1947,British,8
1947,Chilean,2
1947,Cuban,4
1947,Czech,1
1947,Danish,33
1947,Dutch,7
1947,French,54
1947,German,37
1947,Haitian,11
1947,Italian,1
1947,Mexican,3
1947,Nationality unknown,7
1947,Polish,1
1947,Romanian,2
1947,Russian,2
1947,Spanish,22
1947,Swedish,4
1947,Swiss,4
1947,Various,2
1948,American,135
1948,Austrian,4
1948,Brazilian,2
1948,British,7
1948,Chinese,1
1948,Danish,1
1948,Dutch,13
1948,Finnish,1
1948,French,158
1948,German,34
1948,Haitian,2
1948,Italian,6
1948,Mexican,1
1948,Nationality unknown,7
1948,Polish,4
1948,Scottish,1
1948,Spanish,25
1948,Swedish,4
1948,Swiss,5
1949,American,238
1949,Austrian,16
1949,Belgian,210
1949,Brazilian,5
1949,British,59
1949,Chilean,9
1949,Dutch,3
1949,Finnish,1
1949,French,475
1949,German,172
1949,Guatemalan,11
1949,Hungarian,1
1949,Israeli,8
1949,Italian,102
1949,Japanese,1
1949,Mexican,84
1949,Nationality Unknown,1
1949,Norwegian,2
1949,Polish,4
1949,Romanian,2
1949,Russian,1
1949,Spanish,144
1949,Swedish,4
1949,Swiss,19
1949,Various,5
1950,American,157
1950,Austrian,6
1950,Belgian,1
1950,British,22
1950,Chilean,1
1950,Cuban,12
1950,Danish,2
1950,Dutch,5
1950,Finnish,1
1950,French,112
1950,German,98
1950,Italian,7
1950,Mexican,1
1950,Nationality Unknown,3
1950,Nationality unknown,5
1950,Norwegian,5
1950,Russian,2
1950,Spanish,5
1950,Swedish,1
1950,Swiss,4
1951,Algerian,1
1951,American,139
1951,Austrian,5
1951,Belgian,9
1951,Brazilian,2
1951,British,27
1951,Canadian,1
1951,Chilean,1
1951,Czech,1
1951,Dutch,10
1951,Finnish,1
1951,French,249
1951,German,105
1951,Haitian,1
1951,Italian,4
1951,Mexican,2
1951,Nationality Unknown,1
1951,Nationality unknown,1
1951,Norwegian,9
1951,Polish,1
1951,Spanish,30
1951,Swedish,1
1951,Swiss,28
1951,Various,4
1952,American,197
1952,Austrian,25
1952,Belgian,4
1952,British,27
1952,Chilean,1
1952,Cuban,1
1952,Dutch,1
1952,French,80
1952,German,141
1952,Hungarian,1
1952,Israeli,1
1952,Italian,10
1952,Japanese,1
1952,Mexican,2
1952,Nationality unknown,1
1952,Peruvian,9
1952,Spanish,21
1952,Swiss,18
1953,American,161
1953,Austrian,1
1953,Belgian,1
1953,Brazilian,1
1953,British,22
1953,Canadian,22
1953,Chilean,3
1953,Czech,4
1953,Czechoslovakian,1
1953,Danish,3
1953,Dutch,6
1953,Finnish,2
1953,French,57
1953,German,110
1953,Hungarian,1
1953,Icelandic,1
1953,Israeli,4
1953,Italian,18
1953,Mexican,2
1953,Nationality Unknown,6
1953,Nationality unknown,2
1953,Norwegian,3
1953,Polish,4
1953,Russian,4
1953,Spanish,13
1953,Swedish,1
1953,Swiss,20
1954,American,163
1954,Argentine,1
1954,Austrian,11
1954,Belgian,12
1954,Brazilian,1
1954,British,30
1954,Canadian,5
1954,Chilean,1
1954,Colombian,1
1954,Cuban,2
1954,Danish,10
1954,Dutch,30
1954,Finnish,2
1954,French,245
1954,German,128
1954,Israeli,2
1954,Italian,31
1954,Japanese,49
1954,Mexican,76
1954,Nationality Unknown,1
1954,Nationality unknown,6
1954,Norwegian,12
1954,Scottish,1
1954,Spanish,11
1954,Swedish,4
1954,Swiss,4
1954,Various,2
1954,Yugoslav,1
1955,American,134
1955,Australian,1
1955,Austrian,2
1955,Belgian,4
1955,Brazilian,1
1955,British,17
1955,Canadian,3
1955,Danish,5
1955,Dutch,4
1955,Finnish,11
1955,French,85
1955,German,85
1955,Greek,2
1955,Guatemalan,1
1955,Israeli,1
1955,Italian,16
1955,Japanese,6
1955,Mexican,1
1955,Nationality Unknown,2
1955,Nationality unknown,6
1955,Norwegian,3
1955,Polish,8
1955,Russian,1
1955,Spanish,29
1955,Swedish,1
1955,Swiss,14
1955,Various,1
1956,American,295
1956,Argentine,2
1956,Austrian,8
1956,Belgian,8
1956,Brazilian,4
1956,British,47
1956,Canadian,2
1956,Chilean,1
1956,Colombian,1
1956,Cuban,1
1956,Czech,35
1956,Danish,1
1956,Dutch,8
1956,Finnish,1
1956,French,266
1956,German,274
1956,Hungarian,1
1956,Irish,1
1956,Italian,46
1956,Japanese,4
1956,Korean,3
1956,Mexican,22
1956,Nationality Unknown,7
1956,Nationality unknown,8
1956,Nicaraguan,1
1956,Norwegian,6
1956,Polish,1
1956,Russian,8
1956,Spanish,42
1956,Swedish,4
1956,Swiss,12
1956,Uruguayan,1
1956,Various,1
1956,Venezuelan,1
1957,American,109
1957,Argentine,2
1957,Austrian,8
1957,Brazilian,11
1957,British,7
1957,Canadian,1
1957,Czech,4
1957,Danish,1
1957,Dutch,10
1957,Finnish,2
1957,French,35
1957,German,47
1957,Guatemalan,1
1957,Italian,11
1957,Japanese,10
1957,Mexican,4
1957,Nationality Unknown,3
1957,Nationality unknown,7
1957,Norwegian,2
1957,Spanish,10
1957,Swiss,15
1957,Yugoslav,2
1958,American,91
1958,Argentine,2
1958,Australian,3
1958,Austrian,1
1958,Belgian,7
1958,Brazilian,5
1958,British,38
1958,Cuban,1
1958,Czech,2
1958,Danish,38
1958,Dutch,5
1958,Finnish,22
1958,French,223
1958,German,64
1958,Haitian,1
1958,Irish,1
1958,Israeli,1
1958,Italian,40
1958,Japanese,9
1958,Korean,2
1958,Mexican,1
1958,Nationality unknown,41
1958,Norwegian,1
1958,Russian,4
1958,Spanish,33
1958,Swedish,8
1958,Swiss,32
1958,Turkish,1
1958,Uruguayan,1
1958,Various,24
1959,American,490
1959,Austrian,8
1959,Belgian,2
1959,Brazilian,1
1959,British,19
1959,Canadian,1
1959,Cuban,1
1959,Danish,6
1959,Dutch,3
1959,French,87
1959,German,10
1959,Guatemalan,1
1959,Italian,8
1959,Japanese,127
1959,Nationality unknown,3
1959,Norwegian,1
1959,Polish,1
1959,Russian,1
1959,Spanish,34
1959,Swedish,5
1959,Swiss,12
1959,Turkish,1
1960,American,224
1960,Australian,1
1960,Austrian,1
1960,Belgian,46
1960,British,15
1960,Canadian,4
1960,Canadian Inuit,4
1960,Cuban,3
1960,Danish,2
1960,Dutch,9
1960,Finnish,3
1960,French,52
1960,German,19
1960,Italian,13
1960,Japanese,6
1960,Korean,1
1960,Nationality Unknown,6
1960,Nationality unknown,4
1960,Norwegian,2
1960,Polish,5
1960,Spanish,11
1960,Swedish,7
1960,Swiss,13
1960,Tanzanian,1
1960,Venezuelan,2
1961,American,260
1961,Austrian,3
1961,Belgian,1
1961,Brazilian,1
1961,British,13
1961,Canadian,12
1961,Colombian,1
1961,Danish,4
1961,Dutch,8
1961,Finnish,1
1961,French,41
1961,German,109
1961,Guatemalan,1
1961,Icelandic,3
1961,Irish,1
1961,Italian,5
1961,Japanese,6
1961,Mexican,2
1961,Nationality Unknown,1
1961,Polish,20
1961,Romanian,1
1961,Russian,25
1961,Spanish,5
1961,Swedish,7
1961,Swiss,12
1961,Turkish,1
1961,Uruguayan,2
1962,American,215
1962,Argentine,1
1962,Austrian,3
1962,Belgian,6
1962,Brazilian,2
1962,British,58
1962,Canadian,2
1962,Danish,1
1962,Dutch,1
1962,Finnish,4
1962,French,45
1962,German,65
1962,Haitian,1
1962,Iranian,2
1962,Italian,11
1962,Japanese,1
1962,Mexican,2
1962,Polish,2
1962,Russian,126
1962,Spanish,10
1962,Swedish,4
1962,Swiss,3
1962,Turkish,1
1962,Uruguayan,2
1962,Venezuelan,1
1963,American,594
1963,Argentine,5
1963,Austrian,16
1963,Belgian,8
1963,British,11
1963,Canadian,4
1963,Chilean,32
1963,Colombian,7
1963,Croatian,1
1963,Czech,1
1963,Danish,1
1963,Dutch,7
1963,French,113
1963,German,31
1963,Indian,2
1963,Italian,43
1963,Japanese,11
1963,Mexican,13
1963,Nationality Unknown,6
1963,Panamanian,2
1963,Polish,2
1963,Portuguese,1
1963,Russian,4
1963,Spanish,11
1963,Swedish,1
1963,Swiss,13
1963,Various,2
1963,Venezuelan,1
1963,Yugoslav,1
1963,Zimbabwean,5
1964,American,1259
1964,Argentine,9
1964,Australian,8
1964,Austrian,78
1964,Belgian,133
1964,Brazilian,4
1964,British,685
1964,Canadian,6
1964,Chilean,8
1964,Chinese,1
1964,Colombian,2
1964,Cuban,7
1964,Czech,13
1964,Danish,5
1964,Dutch,21
1964,Finnish,2
1964,French,8375
1964,German,232
1964,Greek,1
1964,Guatemalan,2
1964,Icelandic,1
1964,Indian,2
1964,Irish,1
1964,Israeli,63
1964,Italian,146
1964,Japanese,24
1964,Mexican,66
1964,Nationality Unknown,1
1964,Nationality unknown,23
1964,Panamanian,1
1964,Polish,19
1964,Romanian,5
1964,Russian,2
1964,Slovenian,2
1964,Spanish,1175
1964,Swedish,9
1964,Swiss,91
1964,Ukrainian,1
1964,Uruguayan,1
1964,Various,37
1964,Yugoslav,1
1965,American,657
1965,Argentine,7
1965,Austrian,4
1965,Brazilian,19
1965,British,60
1965,Canadian,9
1965,Canadian Inuit,3
1965,Chilean,23
1965,Colombian,33
1965,Cuban,9
1965,Czech,1
1965,Danish,35
1965,Finnish,1
1965,French,640
1965,German,64
1965,Greek,2
1965,Indian,1
1965,Iranian,2
1965,Israeli,6
1965,Italian,98
1965,Japanese,93
1965,Korean,1
1965,Kuwaiti,1
1965,Mexican,115
1965,Nationality Unknown,1
1965,Nationality unknown,27
1965,Peruvian,1
1965,Polish,6
1965,Russian,5
1965,Spanish,48
1965,Sudanese,1
1965,Swedish,2
1965,Swiss,32
1965,Various,1
1965,Venezuelan,7
1965,Yugoslav,2
1966,American,806
1966,Argentine,7
1966,Australian,2
1966,Austrian,11
1966,Belgian,26
1966,Brazilian,2
1966,British,47
1966,Canadian,3
1966,Chilean,2
1966,Colombian,1
1966,Cuban,1
1966,Czech,120
1966,Danish,2
1966,Dutch,6
1966,Ethiopian,1
1966,Finnish,4
1966,French,455
1966,German,94
1966,Guatemalan,1
1966,Hungarian,1
1966,Indian,3
1966,Israeli,30
1966,Italian,75
1966,Japanese,31
1966,Latvian,2
1966,Moroccan,2
1966,Nationality Unknown,4
1966,Peruvian,1
1966,Spanish,7
1966,Swedish,5
1966,Swiss,33
1966,Various,3
1966,Yugoslav,2
1967,American,1132
1967,Argentine,46
1967,Australian,11
1967,Austrian,18
1967,Belgian,19
1967,Bolivian,2
1967,Brazilian,17
1967,British,267
1967,Canadian,46
1967,Chilean,36
1967,Chinese,3
1967,Colombian,3
1967,Costa Rican,62
1967,Cuban,3
1967,Czech,63
1967,Danish,1
1967,Dutch,24
1967,Ecuadorian,5
1967,Finnish,1
1967,French,161
1967,German,134
1967,Hungarian,1
1967,Indian,1
1967,Irish,1
1967,Israeli,3
1967,Italian,74
1967,Japanese,67
1967,Mexican,48
1967,Nationality Unknown,2
1967,Nationality unknown,31
1967,Polish,8
1967,Portuguese,1
1967,Romanian,3
1967,Russian,11
1967,South African,2
1967,Spanish,26
1967,Swedish,12
1967,Swiss,15
1967,Uruguayan,3
1967,Various,5
1967,Venezuelan,9
1967,Yugoslav,9
1967,Zimbabwean,1
1968,American,1124
1968,Argentine,22
1968,Austrian,9
1968,Belgian,10
1968,Brazilian,36
1968,British,75
1968,Canadian,2
1968,Chilean,24
1968,Colombian,16
1968,Cuban,4
1968,Czech,5
1968,Danish,3
1968,Dutch,13
1968,French,5226
1968,German,88
1968,Italian,73
1968,Japanese,18
1968,Latvian,1
1968,Mexican,12
1968,Nationality Unknown,4
1968,Nationality unknown,9
1968,Norwegian,30
1968,Peruvian,5
1968,Polish,19
1968,Romanian,1
1968,Russian,6
1968,Spanish,12
1968,Swedish,1
1968,Swiss,29
1968,Uruguayan,6
1968,Various,6
1968,Venezuelan,5
1969,American,1577
1969,Argentine,66
1969,Australian,1
1969,Austrian,3
1969,Belgian,3
1969,Brazilian,50
1969,British,76
1969,Canadian,2
1969,Chilean,48
1969,Czech,5
1969,Danish,4
1969,Dutch,3
1969,Finnish,1
1969,French,67
1969,German,112
1969,Indian,1
1969,Italian,32
1969,Japanese,26
1969,Mexican,60
1969,Nationality unknown,9
1969,Norwegian,2
1969,Paraguayan,1
1969,Peruvian,6
1969,Polish,4
1969,Romanian,1
1969,Russian,4
1969,Spanish,20
1969,Swedish,2
1969,Swiss,1
1969,Taiwanese,1
1969,Ukrainian,1
1969,Various,2
1969,Venezuelan,2
1970,American,781
1970,Argentine,1
1970,Austrian,1
1970,Belgian,1
1970,Brazilian,3
1970,British,135
1970,Canadian,1
1970,Chilean,7
1970,Colombian,2
1970,Cuban,1
1970,Czech,3
1970,Danish,1
1970,French,59
1970,German,44
1970,Greek,1
1970,Guatemalan,2
1970,Hungarian,2
1970,Israeli,4
1970,Italian,20
1970,Japanese,23
1970,Mexican,12
1970,Nationality Unknown,1
1970,Nationality unknown,14
1970,Panamanian,1
1970,Polish,3
1970,Romanian,2
1970,Russian,16
1970,Spanish,39
1970,Swiss,36
1970,Various,2
1970,Venezuelan,19
1970,Yugoslav,3
1971,American,464
1971,Austrian,14
1971,British,112
1971,Canadian,22
1971,Cuban,1
1971,Czech,18
1971,French,57
1971,German,26
1971,Irish,7
1971,Italian,3
1971,Japanese,31
1971,Mexican,2
1971,Nationality unknown,2
1971,Polish,1
1971,Russian,1
1971,Spanish,4
1971,Swedish,3
1971,Swiss,17
1971,Ukrainian,1
1971,Venezuelan,2
1971,Yugoslav,3
1972,American,419
1972,Argentine,11
1972,Australian,53
1972,Austrian,1
1972,Belgian,6
1972,British,112
1972,Canadian,1
1972,Danish,7
1972,Dutch,10
1972,French,17
1972,German,22
1972,Israeli,1
1972,Italian,33
1972,Japanese,23
1972,Mexican,9
1972,Nationality unknown,2
1972,Norwegian,2
1972,Polish,6
1972,Russian,18
1972,Spanish,38
1972,Swedish,1
1972,Ukrainian,1
1972,Venezuelan,50
1973,American,555
1973,Argentine,19
1973,Australian,33
1973,Austrian,3
1973,Belgian,3
1973,Brazilian,11
1973,British,11
1973,Canadian,2
1973,Colombian,6
1973,Cuban,3
1973,Czech,17
1973,Danish,1
1973,Dutch,10
1973,French,165
1973,German,86
1973,Indian,1
1973,Israeli,29
1973,Italian,17
1973,Japanese,23
1973,Korean,1
1973,Mexican,8
1973,Nationality unknown,3
1973,Polish,1
1973,Spanish,27
1973,Swiss,8
1973,Various,5
1973,Venezuelan,21
1974,American,2624
1974,Argentine,2
1974,Austrian,11
1974,Belgian,1
1974,Brazilian,12
1974,British,132
1974,Chilean,29
1974,Colombian,6
1974,Cuban,1
1974,Danish,1
1974,Dutch,6
1974,French,27
1974,German,50
1974,Greek,1
1974,Guatemalan,36
1974,Guyanese,1
1974,Israeli,7
1974,Italian,115
1974,Japanese,56
1974,Mexican,37
1974,Nationality unknown,27
1974,Norwegian,3
1974,Polish,4
1974,Russian,18
1974,Spanish,29
1974,Swedish,2
1974,Swiss,40
1974,Turkish,20
1974,Various,2
1974,Venezuelan,47
1975,American,631
1975,Australian,2
1975,Brazilian,1
1975,British,19
1975,Czech,11
1975,Dutch,7
1975,French,138
1975,German,15
1975,Greek,1
1975,Israeli,5
1975,Italian,3
1975,Japanese,4
1975,Korean,3
1975,Mexican,2
1975,Nationality unknown,1
1975,Romanian,1
1975,Russian,4
1975,Spanish,22
1975,Swedish,1
1975,Swiss,4
1975,Turkish,1
1975,Various,1
1976,American,514
1976,Austrian,1
1976,Belgian,4
1976,Brazilian,1
1976,British,107
1976,Canadian,1
1976,Colombian,4
1976,Czech,2
1976,Danish,2
1976,Dutch,29
1976,French,95
1976,German,5
1976,Icelandic,1
1976,Israeli,1
1976,Italian,22
1976,Japanese,62
1976,Korean,1
1976,Mexican,1
1976,Polish,1
1976,Russian,15
1976,Spanish,23
1976,Swedish,1
1976,Swiss,3
1976,Various,3
1976,Venezuelan,1
1977,American,662
1977,Argentine,1
1977,Australian,1
1977,Austrian,10
1977,Belgian,2
1977,Brazilian,1
1977,British,84
1977,Canadian,1
1977,Chilean,1
1977,Cuban,1
1977,Czech,6
1977,Danish,2
1977,Dutch,40
1977,Finnish,2
1977,French,37
1977,German,61
1977,Israeli,3
1977,Italian,18
1977,Japanese,99
1977,Latvian,7
1977,Mexican,4
1977,Nationality Unknown,4
1977,Nationality unknown,12
1977,Polish,2
1977,Romanian,8
1977,Russian,97
1977,Spanish,3
1977,Swedish,1
1977,Swiss,9
1977,Uruguayan,1
1977,Various,11
1978,American,533
1978,Australian,3
1978,Austrian,6
1978,Belgian,295
1978,British,74
1978,Chilean,2
1978,Cuban,2
1978,Czech,3
1978,Danish,3
1978,Dutch,24
1978,French,115
1978,German,32
1978,Israeli,1
1978,Italian,42
1978,Japanese,55
1978,Mexican,14
1978,Nationality unknown,39
1978,Polish,2
1978,Russian,29
1978,South African,12
1978,Spanish,27
1978,Swedish,20
1978,Swiss,7
1978,Yugoslav,11
1979,American,599
1979,Argentine,4
1979,Austrian,3
1979,Belgian,25
1979,British,75
1979,Canadian,1
1979,Chilean,5
1979,Cuban,1
1979,Czech,3
1979,Danish,10
1979,Dutch,4
1979,French,102
1979,German,83
1979,Greek,1
1979,Israeli,4
1979,Italian,40
1979,Japanese,32
1979,Latvian,1
1979,Mexican,9
1979,Nationality unknown,1
1979,Norwegian,1
1979,Peruvian,3
1979,Polish,11
1979,Russian,36
1979,Spanish,33
1979,Swiss,7
1979,Tunisian,1
1979,Turkish,1
1979,Various,2
1980,American,401
1980,Australian,1
1980,Austrian,7
1980,Belgian,2
1980,Brazilian,2
1980,British,12
1980,Canadian,1
1980,Chilean,2
1980,Cuban,2
1980,Danish,46
1980,Dutch,8
1980,Finnish,1
1980,French,52
1980,German,50
1980,Icelandic,2
1980,Israeli,1
1980,Italian,11
1980,Japanese,15
1980,Mexican,1
1980,Nationality unknown,1
1980,Polish,2
1980,Romanian,11
1980,Russian,25
1980,Spanish,7
1980,Swedish,1
1980,Swiss,9
1980,Ukrainian,1
1981,American,752
1981,Argentine,1
1981,Australian,3
1981,Austrian,13
1981,Belgian,13
1981,Brazilian,1
1981,British,264
1981,Czech,26
1981,Danish,3
1981,Dutch,19
1981,Finnish,3
1981,French,81
1981,German,21
1981,Hungarian,2
1981,Irish,3
1981,Israeli,2
1981,Italian,29
1981,Japanese,29
1981,Mexican,1
1981,Native American,1
1981,Peruvian,1
1981,Polish,7
1981,Russian,1
1981,Slovak,1
1981,Spanish,21
1981,Swedish,1
1981,Swiss,30
1981,Uruguayan,1
1981,Various,1
1982,American,310
1982,Argentine,2
1982,Australian,2
1982,Austrian,15
1982,Belgian,5
1982,British,46
1982,Canadian,4
1982,Chilean,13
1982,Colombian,2
1982,Congolese,2
1982,Croatian,8
1982,Czech,4
1982,Danish,2
1982,Dutch,3
1982,French,240
1982,German,81
1982,Greek,9
1982,Hungarian,1
1982,Israeli,3
1982,Italian,17
1982,Japanese,21
1982,Nationality unknown,1
1982,Norwegian,1
1982,Peruvian,3
1982,Polish,5
1982,Russian,19
1982,Spanish,1
1982,Swedish,4
1982,Swiss,7
1982,Various,1
1983,American,652
1983,Australian,3
1983,Austrian,6
1983,Belgian,1
1983,British,196
1983,Canadian,3
1983,Cuban,2
1983,Czech,3
1983,Danish,8
1983,Dutch,4
1983,Finnish,18
1983,French,47
1983,German,39
1983,Hungarian,6
1983,Icelandic,2
1983,Indian,2
1983,Italian,34
1983,Japanese,34
1983,Latvian,1
1983,Mexican,7
1983,Nationality Unknown,4
1983,Nationality unknown,5
1983,Norwegian,1
1983,Polish,3
1983,Russian,4
1983,Spanish,14
1983,Swedish,8
1983,Swiss,28
1983,Yugoslav,42
1984,American,614
1984,Australian,1
1984,Austrian,3
1984,Belgian,5
1984,British,17
1984,Canadian,6
1984,Chilean,20
1984,Croatian,1
1984,Czech,3
1984,Danish,4
1984,Dutch,6
1984,Finnish,9
1984,French,29
1984,German,52
1984,Greek,1
1984,Hungarian,1
1984,Italian,13
1984,Japanese,12
1984,Luxembourgish,3
1984,Nationality unknown,1
1984,Peruvian,1
1984,Polish,19
1984,Russian,2
1984,Spanish,5
1984,Swedish,4
1984,Swiss,11
1984,Ukrainian,1
1984,Various,1
1984,Yugoslav,20
1985,American,446
1985,Australian,2
1985,Austrian,7
1985,Belgian,5
1985,British,44
1985,Canadian,1
1985,Czech,5
1985,Danish,9
1985,Dutch,29
1985,Estonian,1
1985,French,115
1985,German,131
1985,Hungarian,12
1985,Italian,47
1985,Japanese,3
1985,Latvian,1
1985,Luxembourgish,9
1985,Mexican,7
1985,Nationality unknown,1
1985,Norwegian,1
1985,Polish,29
1985,Russian,49
1985,Scottish,1
1985,Spanish,37
1985,Swedish,2
1985,Swiss,48
1985,Various,1
1985,Yugoslav,1
1986,American,614
1986,Argentine,3
1986,Australian,2
1986,Austrian,6
1986,Belgian,5
1986,Brazilian,1
1986,British,50
1986,Chilean,4
1986,Czech,1
1986,Danish,1
1986,Dutch,6
1986,Finnish,3
1986,French,70
1986,German,48
1986,Italian,88
1986,Japanese,34
1986,Luxembourgish,1
1986,Mexican,8
1986,Moroccan,1
1986,Native American,1
1986,Polish,5
1986,Romanian,4
1986,Russian,9
1986,Scottish,1
1986,Spanish,25
1986,Swedish,2
1986,Swiss,15
1986,Various,2
1987,American,566
1987,Argentine,1
1987,Australian,5
1987,Austrian,13
1987,Belgian,46
1987,British,72
1987,Canadian,6
1987,Chilean,1
1987,Colombian,28
1987,Cuban,2
1987,Czech,6
1987,Dutch,8
1987,Finnish,3
1987,French,155
1987,German,71
1987,Haitian,1
1987,Israeli,2
1987,Italian,47
1987,Japanese,14
1987,Mexican,3
1987,Nationality Unknown,3
1987,Nationality unknown,3
1987,Peruvian,2
1987,Polish,28
1987,Russian,16
1987,Spanish,35
1987,Swedish,2
1987,Swiss,54
1987,Ukrainian,1
1987,Various,3
1988,American,533
1988,Australian,37
1988,Austrian,21
1988,Belgian,63
1988,British,75
1988,Canadian,24
1988,Chilean,8
1988,Chinese,1
1988,Czech,2
1988,Danish,4
1988,Dutch,6
1988,Estonian,1
1988,French,102
1988,German,66
1988,Greek,1
1988,Hungarian,1
1988,Israeli,2
1988,Italian,25
1988,Japanese,2
1988,Mexican,1
1988,Norwegian,2
1988,Russian,1
1988,Spanish,3
1988,Swedish,3
1988,Swiss,28
1988,Various,2
1989,American,437
1989,Belgian,1
1989,British,68
1989,Canadian,4
1989,Czech,2
1989,Dutch,22
1989,French,54
1989,German,89
1989,Greek,3
1989,Hungarian,1
1989,Italian,10
1989,Japanese,9
1989,Nationality unknown,1
1989,Polish,1
1989,Russian,1
1989,Spanish,8
1989,Swedish,1
1989,Swiss,5
1989,Various,1
1990,American,717
1990,Argentine,6
1990,Australian,1
1990,Austrian,12
1990,Belgian,1
1990,Brazilian,1
1990,British,47
1990,Canadian,1
1990,Czech,8
1990,Danish,1
1990,Dutch,3
1990,Finnish,6
1990,French,45
1990,German,128
1990,Israeli,2
1990,Italian,8
1990,Japanese,33
1990,Mexican,4
1990,Norwegian,2
1990,Polish,1
1990,Portuguese,1
1990,Russian,8
1990,Spanish,134
1990,Swedish,44
1990,Swiss,29
1991,American,509
1991,Argentine,2
1991,Australian,1
1991,Austrian,1
1991,Belgian,18
1991,Brazilian,8
1991,British,39
1991,Canadian,3
1991,Colombian,1
1991,Danish,1
1991,Dutch,2
1991,Finnish,1
1991,French,54
1991,German,67
1991,Israeli,1
1991,Italian,10
1991,Japanese,39
1991,Russian,16
1991,Spanish,31
1991,Swedish,1
1991,Swiss,13
1991,Various,1
1992,American,630
1992,Argentine,2
1992,Austrian,8
1992,Belgian,3
1992,Brazilian,1
1992,British,31
1992,Canadian,3
1992,Chilean,92
1992,Czech,2
1992,Danish,10
1992,Dutch,8
1992,Finnish,9
1992,French,91
1992,German,84
1992,Icelandic,1
1992,Italian,69
1992,Japanese,10
1992,Latvian,8
1992,Mexican,2
1992,Nationality Unknown,1
1992,Norwegian,4
1992,Peruvian,2
1992,Polish,16
1992,Russian,7
1992,Scottish,1
1992,Spanish,90
1992,Swedish,2
1992,Swiss,6
1992,Various,3
1993,American,859
1993,Argentine,1
1993,Austrian,8
1993,Brazilian,1
1993,British,24
1993,Canadian,1
1993,Colombian,1
1993,Cuban,1
1993,Danish,1
1993,Dutch,3
1993,Finnish,1
1993,French,74
1993,German,69
1993,Italian,21
1993,Japanese,27
1993,Mexican,4
1993,Norwegian,2
1993,Polish,1
1993,Russian,18
1993,Spanish,60
1993,Swedish,5
1993,Swiss,40
1993,Ukrainian,17
1993,Various,19
1994,American,601
1994,Argentine,4
1994,Austrian,6
1994,Belgian,3
1994,Brazilian,7
1994,British,52
1994,Canadian,1
1994,Chilean,8
1994,Czech,1
1994,Dutch,2
1994,Finnish,4
1994,French,82
1994,German,67
1994,Italian,14
1994,Japanese,26
1994,Luxembourgish,1
1994,Mexican,2
1994,Nationality unknown,1
1994,Polish,3
1994,Russian,5
1994,Senegalese,1
1994,Spanish,15
1994,Swiss,23
1994,Uruguayan,1
1995,American,700
1995,Argentine,1
1995,Austrian,1
1995,Belgian,2
1995,Brazilian,1
1995,British,24
1995,Cambodian,8
1995,Canadian,4
1995,Chilean,1
1995,Cuban,1
1995,Danish,2
1995,Dutch,2
1995,Finnish,7
1995,French,27
1995,German,38
1995,Hungarian,1
1995,Indian,2
1995,Italian,47
1995,Japanese,7
1995,Mexican,5
1995,Nationality unknown,1
1995,Romanian,1
1995,Russian,1
1995,Spanish,21
1995,Swedish,1
1995,Swiss,4
1995,Thai,2
1995,Various,1
1996,American,616
1996,Argentine,2
1996,Australian,2
1996,Austrian,8
1996,Belgian,6
1996,Brazilian,2
1996,British,55
1996,Colombian,1
1996,Cuban,2
1996,Danish,2
1996,Dutch,67
1996,Finnish,7
1996,French,30
1996,German,64
1996,Iranian,2
1996,Italian,13
1996,Japanese,36
1996,Luxembourgish,1
1996,Nationality unknown,1
1996,Portuguese,1
1996,Russian,6
1996,South African,2
1996,Spanish,25
1996,Swedish,2
1996,Swiss,7
1997,American,547
1997,Argentine,3
1997,Australian,1
1997,Austrian,15
1997,Brazilian,13
1997,British,90
1997,Canadian,2
1997,Chilean,2
1997,Chinese,2
1997,Cuban,1
1997,Danish,5
1997,Dutch,22
1997,Finnish,6
1997,French,57
1997,German,58
1997,Icelandic,1
1997,Italian,27
1997,Japanese,16
1997,Latvian,1
1997,Malian,3
1997,Mexican,2
1997,Polish,1
1997,Russian,22
1997,Spanish,12
1997,Swiss,21
1997,Thai,1
1997,Various,1
1998,American,502
1998,Australian,4
1998,Austrian,65
1998,Belgian,4
1998,Brazilian,6
1998,British,30
1998,Canadian,3
1998,Chilean,2
1998,Chinese,2
1998,Dutch,5
1998,Finnish,1
1998,French,41
1998,German,286
1998,Greek,1
1998,Haitian,1
1998,Hungarian,8
1998,Indian,2
1998,Israeli,6
1998,Italian,20
1998,Japanese,50
1998,Mexican,20
1998,Nationality unknown,2
1998,Norwegian,2
1998,Polish,8
1998,Romanian,1
1998,Russian,32
1998,Scottish,1
1998,South African,27
1998,Spanish,11
1998,Swedish,1
1998,Swiss,15
1998,Thai,1
1998,Ukrainian,1
1998,Various,93
1999,American,523
1999,Argentine,1
1999,Australian,1
1999,Austrian,4
1999,Belgian,3
1999,Brazilian,9
1999,British,79
1999,Canadian,103
1999,Chinese,12
1999,Cuban,1
1999,Czech,118
1999,Czechoslovakian,1
1999,Danish,3
1999,Dutch,24
1999,Finnish,2
1999,French,274
1999,German,341
1999,Greek,1
1999,Israeli,1
1999,Italian,10
1999,Japanese,6
1999,Latvian,7
1999,Mexican,7
1999,Nationality Unknown,142
1999,Nationality unknown,4
1999,Polish,3
1999,Portuguese,1
1999,Russian,47
1999,South African,6
1999,Spanish,13
1999,Swiss,26
1999,Various,13
2000,American,1249
2000,Argentine,2
2000,Australian,11
2000,Austrian,5
2000,Bahamian,1
2000,Belgian,1
2000,Brazilian,25
2000,British,69
2000,Canadian,7
2000,Cuban,2
2000,Czech,3
2000,Danish,5
2000,Dutch,13
2000,Finnish,5
2000,French,205
2000,German,41
2000,Hungarian,2
2000,Icelandic,22
2000,Iranian,1
2000,Israeli,1
2000,Italian,68
2000,Japanese,33
2000,Korean,2
2000,Luxembourgish,6
2000,Mexican,13
2000,Nationality unknown,19
2000,Pakistani,1
2000,Polish,10
2000,Russian,9
2000,South African,1
2000,Spanish,5
2000,Swedish,3
2000,Swiss,31
2000,Taiwanese,1
2000,Thai,1
2000,Various,2
2000,Yugoslav,1
2001,American,957
2001,Argentine,3
2001,Austrian,10
2001,Bahamian,1
2001,Belgian,11
2001,Bosnian,1
2001,Brazilian,53
2001,British,60
2001,Canadian,4
2001,Croatian,33
2001,Cuban,2
2001,Czech,16
2001,Danish,19
2001,Dutch,29
2001,Finnish,13
2001,French,93
2001,Georgian,3
2001,German,214
2001,Hungarian,8
2001,Indian,4
2001,Italian,43
2001,Japanese,29
2001,Korean,1
2001,Latvian,19
2001,Malian,1
2001,Mexican,7
2001,Nationality Unknown,133
2001,Nationality unknown,29
2001,Pakistani,1
2001,Polish,2
2001,Russian,745
2001,Scottish,1
2001,South African,12
2001,Spanish,14
2001,Swedish,9
2001,Swiss,19
2001,Turkish,1
2001,Ukrainian,44
2001,Various,7
2001,Venezuelan,3
2002,American,336
2002,Argentine,1
2002,Australian,1
2002,Austrian,3
2002,Belgian,6
2002,Brazilian,3
2002,British,71
2002,Canadian,4
2002,Chinese,2
2002,Congolese,1
2002,Cuban,1
2002,Czech,2
2002,Danish,2
2002,Dutch,9
2002,Finnish,1
2002,French,3
2002,German,30
2002,Haitian,1
2002,Israeli,9
2002,Italian,5
2002,Japanese,146
2002,Korean,4
2002,Latvian,3
2002,Mauritanian,1
2002,Mexican,1
2002,Norwegian,4
2002,Pakistani,10
2002,Polish,2
2002,Russian,17
2002,Scottish,2
2002,Senegalese,1
2002,South African,7
2002,Spanish,2
2002,Swedish,2
2002,Swiss,6
2002,Various,4
2002,Venezuelan,12
2002,Yugoslav,1
2003,American,329
2003,Argentine,19
2003,Australian,10
2003,Austrian,4
2003,Belgian,1
2003,Brazilian,2
2003,British,46
2003,Canadian,8
2003,Chinese,3
2003,Colombian,1
2003,Cuban,6
2003,Danish,2
2003,Dutch,5
2003,French,38
2003,German,32
2003,Hungarian,1
2003,Icelandic,2
2003,Israeli,1
2003,Italian,11
2003,Japanese,3
2003,Korean,4
2003,Lebanese,1
2003,Malian,5
2003,Palestinian,1
2003,Peruvian,1
2003,Polish,1
2003,Russian,6
2003,Spanish,3
2003,Swiss,29
2003,Uruguayan,3
2003,Various,2
2003,Venezuelan,1
2004,Albanian,1
2004,American,400
2004,Argentine,1
2004,Austrian,12
2004,Belgian,4
2004,Brazilian,4
2004,British,49
2004,Bulgarian,4
2004,Canadian,42
2004,Chilean,2
2004,Chinese,18
2004,Colombian,1
2004,Cuban,3
2004,Danish,5
2004,Dutch,5
2004,Finnish,8
2004,French,6
2004,German,21
2004,Iranian,1
2004,Irish,1
2004,Israeli,1
2004,Italian,52
2004,Japanese,12
2004,Korean,1
2004,Lebanese,1
2004,Mexican,11
2004,South African,19
2004,Spanish,5
2004,Swedish,4
2004,Swiss,58
2004,Turkish,1
2004,Uruguayan,2
2004,Venezuelan,9
2005,Albanian,2
2005,Algerian,1
2005,American,2195
2005,Argentine,5
2005,Australian,15
2005,Austrian,77
2005,Belgian,21
2005,Brazilian,70
2005,British,178
2005,Bulgarian,2
2005,Canadian,107
2005,Chinese,10
2005,Colombian,34
2005,Croatian,3
2005,Cuban,9
2005,Czech,5
2005,Danish,30
2005,Dutch,36
2005,Egyptian,1
2005,Filipino,1
2005,Finnish,28
2005,French,93
2005,Georgian,3
2005,German,473
2005,Greek,4
2005,Icelandic,5
2005,Indian,5
2005,Iranian,1
2005,Israeli,6
2005,Italian,66
2005,Japanese,109
2005,Kenyan,2
2005,Korean,10
2005,Mexican,19
2005,New Zealander,1
2005,Nigerian,1
2005,Norwegian,4
2005,Pakistani,4
2005,Palestinian,1
2005,Peruvian,1
2005,Polish,18
2005,Scottish,27
2005,Slovenian,5
2005,South African,71
2005,Spanish,36
2005,Swedish,9
2005,Swiss,79
2005,Taiwanese,2
2005,Tajik,1
2005,Thai,1
2005,Tunisian,1
2005,Uruguayan,4
2005,Various,3
2005,Venezuelan,3
2006,Albanian,2
2006,Algerian,1
2006,American,768
2006,Angolan,1
2006,Argentine,19
2006,Australian,2
2006,Austrian,112
2006,Azerbaijani,1
2006,Belgian,7
2006,Bosnian,3
2006,Brazilian,11
2006,British,135
2006,Bulgarian,2
2006,Canadian,14
2006,Chinese,9
2006,Colombian,2
2006,Croatian,11
2006,Czech,8
2006,Danish,11
2006,Dutch,19
2006,Egyptian,4
2006,Finnish,2
2006,French,44
2006,German,99
2006,Hungarian,4
2006,Icelandic,3
2006,Indian,3
2006,Irish,2
2006,Israeli,5
2006,Italian,21
2006,Ivorian,2
2006,Japanese,32
2006,Korean,1
2006,Kyrgyzstani,1
2006,Lithuanian,2
2006,Luxembourgish,20
2006,Malaysian,1
2006,Malian,1
2006,Mexican,16
2006,Norwegian,5
2006,Polish,8
2006,Romanian,2
2006,Russian,17
2006,Scottish,7
2006,Serbian,1
2006,Singaporean,2
2006,Slovak,5
2006,Slovenian,5
2006,South African,61
2006,Spanish,15
2006,Swedish,5
2006,Swiss,24
2006,Thai,4
2006,Turkish,9
2006,Ukrainian,1
2006,Uruguayan,1
2006,Various,7
2006,Vietnamese,1
2007,American,721
2007,Argentine,40
2007,Austrian,17
2007,Belgian,146
2007,Bosnian,1
2007,Brazilian,17
2007,British,141
2007,Canadian,61
2007,Chinese,18
2007,Colombian,13
2007,Croatian,13
2007,Cuban,2
2007,Czech,4
2007,Danish,6
2007,Dutch,156
2007,Egyptian,1
2007,French,48
2007,German,59
2007,Ghanaian,1
2007,Indian,2
2007,Iranian,3
2007,Irish,1
2007,Israeli,4
2007,Italian,26
2007,Japanese,189
2007,Kenyan,9
2007,Mexican,1
2007,Namibian,2
2007,Norwegian,1
2007,Peruvian,4
2007,Polish,12
2007,Romanian,3
2007,Russian,11
2007,Scottish,1
2007,South African,48
2007,Spanish,7
2007,Swiss,223
2007,Ugandan,1
2007,Various,2
2007,Venezuelan,24
2008,Afghan,1
2008,American,4063
2008,Argentine,7
2008,Australian,2
2008,Austrian,18
2008,Belgian,13
2008,Brazilian,42
2008,British,133
2008,Canadian,63
2008,Chinese,38
2008,Colombian,4
2008,Cuban,2
2008,Czech,168
2008,Danish,73
2008,Dutch,78
2008,Finnish,1
2008,French,440
2008,Georgian,1
2008,German,225
2008,Ghanaian,1
2008,Hungarian,1
2008,Icelandic,1
2008,Iranian,2
2008,Irish,1
2008,Israeli,9
2008,Italian,74
2008,Japanese,236
2008,Kenyan,1
2008,Lebanese,32
2008,Lithuanian,10
2008,Luxembourgish,1
2008,Mauritanian,1
2008,Mexican,11
2008,Nationality unknown,2
2008,New Zealander,6
2008,Norwegian,6
2008,Pakistani,27
2008,Peruvian,7
2008,Polish,56
2008,Portuguese,3
2008,Romanian,1
2008,Russian,4
2008,Scottish,2
2008,South African,12
2008,Spanish,5
2008,Swedish,9
2008,Swiss,122
2008,Taiwanese,1
2008,Thai,7
2008,Tunisian,1
2008,Uruguayan,1
2008,Various,3
2008,Venezuelan,2
2008,Welsh,2
2009,American,747
2009,Argentine,17
2009,Australian,6
2009,Austrian,5
2009,Belgian,20
2009,Brazilian,21
2009,British,29
2009,Canadian,2
2009,Chinese,3
2009,Colombian,243
2009,Cuban,1
2009,Czech,1
2009,Danish,3
2009,Dutch,18
2009,French,208
2009,German,24
2009,Greek,1
2009,Hungarian,1
2009,Indian,1
2009,Iranian,1
2009,Israeli,10
2009,Italian,5
2009,Japanese,18
2009,Korean,1
2009,Mexican,13
2009,Norwegian,2
2009,Polish,3
2009,Russian,13
2009,Scottish,2
2009,Serbian,2
2009,Slovak,1
2009,South African,23
2009,Spanish,9
2009,Swedish,8
2009,Swiss,52
2009,Various,1
2009,Venezuelan,5
2009,Yugoslav,1
2010,American,558
2010,Argentine,10
2010,Australian,5
2010,Austrian,20
2010,Belgian,3
2010,Bosnian,1
2010,Brazilian,5
2010,British,20
2010,Cameroonian,13
2010,Canadian,1
2010,Chilean,3
2010,Chinese,32
2010,Colombian,124
2010,Croatian,4
2010,Czech,2
2010,Danish,6
2010,Dutch,7
2010,Egyptian,1
2010,Finnish,1
2010,French,41
2010,German,208
2010,Hungarian,6
2010,Israeli,9
2010,Italian,134
2010,Japanese,36
2010,Korean,25
2010,Luxembourgish,1
2010,Mexican,4
2010,Nationality unknown,1
2010,Norwegian,1
2010,Polish,13
2010,Romanian,3
2010,Russian,2
2010,Slovak,1
2010,Slovenian,1
2010,South African,38
2010,Spanish,2
2010,Swedish,1
2010,Swiss,10
2010,Uruguayan,2
2010,Venezuelan,5
2010,Zimbabwean,8
2011,American,864
2011,Argentine,21
2011,Austrian,40
2011,Belgian,94
2011,Bosnian,2
2011,Brazilian,12
2011,British,135
2011,Canadian,20
2011,Chilean,1
2011,Chinese,6
2011,Colombian,42
2011,Croatian,24
2011,Czech,1
2011,Danish,2
2011,Dutch,23
2011,French,96
2011,Georgian,1
2011,German,417
2011,Icelandic,1
2011,Indian,14
2011,Iranian,2
2011,Irish,13
2011,Israeli,3
2011,Italian,10
2011,Japanese,3
2011,Korean,1
2011,Lebanese,2
2011,Lithuanian,1
2011,Mexican,8
2011,Nationality Unknown,22
2011,Norwegian,4
2011,Peruvian,1
2011,Polish,13
2011,Romanian,4
2011,Russian,2
2011,South African,11
2011,Spanish,1
2011,Swedish,1
2011,Swiss,22
2011,Thai,4
2011,Tunisian,12
2011,Turkish,3
2011,Yugoslav,52
2012,Albanian,17
2012,American,1894
2012,Argentine,23
2012,Australian,1
2012,Austrian,70
2012,Belgian,3
2012,Brazilian,13
2012,British,112
2012,Canadian,10
2012,Chinese,5
2012,Colombian,37
2012,Croatian,9
2012,Cuban,7
2012,Czech,3
2012,Danish,2
2012,Dutch,11
2012,Egyptian,7
2012,Finnish,1
2012,French,50
2012,German,109
2012,Ghanaian,1
2012,Hungarian,14
2012,Indian,1
2012,Irish,5
2012,Israeli,19
2012,Italian,213
2012,Japanese,70
2012,Korean,3
2012,Lebanese,5
2012,Mexican,4
2012,Nationality unknown,133
2012,New Zealander,1
2012,Norwegian,48
2012,Peruvian,26
2012,Polish,12
2012,Portuguese,124
2012,Romanian,1
2012,Russian,3
2012,Scottish,16
2012,Singaporean,2
2012,Slovenian,11
2012,South African,2
2012,Spanish,68
2012,Swedish,4
2012,Swiss,209
2012,Syrian,1
2012,Taiwanese,2
2012,Thai,1
2012,Turkish,7
2012,Uruguayan,1
2012,Welsh,1
2012,Yugoslav,2
2013,Albanian,1
2013,Algerian,2
2013,American,1825
2013,Argentine,15
2013,Austrian,12
2013,Bahamian,1
2013,Belgian,6
2013,Bosnian,1
2013,Brazilian,18
2013,British,73
2013,Burkinabe,1
2013,Canadian,114
2013,Chilean,19
2013,Chinese,12
2013,Croatian,5
2013,Czech,7
2013,Danish,4
2013,Dutch,33
2013,Ecuadorian,1
2013,Filipino,1
2013,Finnish,2
2013,French,104
2013,Georgian,1
2013,German,114
2013,Greek,1
2013,Hungarian,10
2013,Icelandic,1
2013,Indian,19
2013,Indonesian,2
2013,Iranian,9
2013,Iraqi,3
2013,Israeli,2
2013,Italian,146
2013,Japanese,129
2013,Kazakhstani,1
2013,Korean,1
2013,Kyrgyzstani,1
2013,Lebanese,6
2013,Macedonian,1
2013,Mexican,25
2013,Moroccan,1
2013,Mozambican,1
2013,Nationality unknown,1
2013,New Zealander,1
2013,Nigerian,3
2013,Norwegian,3
2013,Palestinian,2
2013,Peruvian,1
2013,Polish,11
2013,Portuguese,7
2013,Romanian,12
2013,Russian,20
2013,Rwandan,1
2013,Saudi Arabian,1
2013,Scottish,2
2013,Serbian,2
2013,Singaporean,1
2013,South African,5
2013,Spanish,45
2013,Swedish,4
2013,Swiss,47
2013,Thai,1
2013,Turkish,3
2013,Ukrainian,6
2013,Uruguayan,2
2013,Various,66
2013,Venezuelan,18
2013,Vietnamese,1
2013,Yugoslav,1
2014,American,951
2014,Argentine,240
2014,Australian,4
2014,Austrian,9
2014,Belgian,2
2014,Brazilian,22
2014,British,211
2014,Canadian,8
2014,Chilean,83
2014,Chinese,1
2014,Colombian,40
2014,Croatian,5
2014,Cuban,2
2014,Czech,20
2014,Danish,3
2014,Dutch,420
2014,Egyptian,1
2014,French,40
2014,Georgian,3
2014,German,83
2014,Greek,1
2014,Hungarian,16
2014,Icelandic,1
2014,Indian,1
2014,Iranian,1
2014,Israeli,3
2014,Italian,1
2014,Japanese,43
2014,Korean,12
2014,Lebanese,1
2014,Mexican,87
2014,Moroccan,1
2014,Nationality unknown,2
2014,New Zealander,4
2014,Peruvian,25
2014,Polish,18
2014,Portuguese,7
2014,Russian,1
2014,Singaporean,1
2014,South African,1
2014,Swiss,25
2014,Thai,5
2014,Turkish,2
2014,Ukrainian,1
2014,Uruguayan,16
2014,Venezuelan,102
2014,Yugoslav,1
2015,American,1414
2015,Argentine,40
2015,Australian,7
2015,Austrian,6
2015,Belgian,21
2015,Brazilian,29
2015,British,106
2015,Canadian,49
2015,Chilean,14
2015,Chinese,6
2015,Colombian,10
2015,Croatian,29
2015,Cuban,37
2015,Czech,13
2015,Danish,2
2015,Dutch,113
2015,Egyptian,29
2015,Filipino,1
2015,French,78
2015,Georgian,1
2015,German,1137
2015,Greek,17
2015,Hungarian,22
2015,Icelandic,2
2015,Indian,15
2015,Iranian,5
2015,Irish,1
2015,Israeli,70
2015,Italian,104
2015,Japanese,58
2015,Korean,4
2015,Malaysian,2
2015,Mexican,32
2015,Nationality unknown,54
2015,New Zealander,2
2015,Nigerian,6
2015,Peruvian,6
2015,Polish,54
2015,Portuguese,16
2015,Puerto Rican,14
2015,Russian,16
2015,Slovenian,2
2015,South African,16
2015,Spanish,37
2015,Swiss,79
2015,Thai,1
2015,Turkish,2
2015,Ukrainian,1
2015,Uruguayan,3
2015,Venezuelan,30
2015,Yugoslav,1
2016,Algerian,2
2016,American,949
2016,Argentine,35
2016,Australian,3
2016,Austrian,2
2016,Belgian,2
2016,Bosnian,1
2016,Brazilian,86
2016,British,51
2016,Canadian,11
2016,Chilean,4
2016,Chinese,19
2016,Croatian,4
2016,Cuban,1
2016,Czech,5
2016,Czechoslovakian,3
2016,Danish,1
2016,Dutch,5
2016,Egyptian,16
2016,Filipino,5
2016,Finnish,3
2016,French,47
2016,German,140
2016,Ghanaian,1
2016,Haitian,1
2016,Indian,1
2016,Israeli,1
2016,Italian,206
2016,Japanese,39
2016,Kazakhstani,1
2016,Korean,11
2016,Lebanese,2
2016,Luxembourgish,1
2016,Mexican,24
2016,Nationality unknown,13
2016,New Zealander,1
2016,Norwegian,1
2016,Pakistani,4
2016,Palestinian,1
2016,Polish,1
2016,Portuguese,2
2016,Romanian,1
2016,Russian,13
2016,Serbian,10
2016,South African,1
2016,Spanish,14
2016,Swedish,16
2016,Swiss,20
2016,Turkish,2
2016,Uruguayan,2
2016,Various,1
2016,Venezuelan,24
2016,Yugoslav,4
